name;url_city;totalVotes;mascVotes;femnVotes
Salvador;https://especiais.gazetadopovo.com.br/eleicoes/2018/resultados/municipios-bahia/salvador-ba/;1827436;1022159;805276
Abaíra;https://especiais.gazetadopovo.com.br/eleicoes/2018/resultados/municipios-bahia/abaira-ba/;6909;3564;3342
Abaré;https://especiais.gazetadopovo.com.br/eleicoes/2018/resultados/municipios-bahia/abare-ba/;12713;6404;6302
Acajutiba;https://especiais.gazetadopovo.com.br/eleicoes/2018/resultados/municipios-bahia/acajutiba-ba/;11138;5854;5283
Adustina;https://especiais.gazetadopovo.com.br/eleicoes/2018/resultados/municipios-bahia/adustina-ba/;11118;5776;5342
Água Fria;https://especiais.gazetadopovo.com.br/eleicoes/2018/resultados/municipios-bahia/agua-fria-ba/;12009;6100;5908
Aiquara;https://especiais.gazetadopovo.com.br/eleicoes/2018/resultados/municipios-bahia/aiquara-ba/;3787;1867;1920
Alagoinhas;https://especiais.gazetadopovo.com.br/eleicoes/2018/resultados/municipios-bahia/alagoinhas-ba/;103306;56574;46732
Alcobaça;https://especiais.gazetadopovo.com.br/eleicoes/2018/resultados/municipios-bahia/alcobaca-ba/;17010;8409;8587
Almadina;https://especiais.gazetadopovo.com.br/eleicoes/2018/resultados/municipios-bahia/almadina-ba/;5022;2546;2475
Amargosa;https://especiais.gazetadopovo.com.br/eleicoes/2018/resultados/municipios-bahia/amargosa-ba/;26504;14081;12417
Amélia Rodrigues;https://especiais.gazetadopovo.com.br/eleicoes/2018/resultados/municipios-bahia/amelia-rodrigues-ba/;18144;9603;8527
América Dourada;https://especiais.gazetadopovo.com.br/eleicoes/2018/resultados/municipios-bahia/america-dourada-ba/;12789;6417;6367
Anagé;https://especiais.gazetadopovo.com.br/eleicoes/2018/resultados/municipios-bahia/anage-ba/;18348;9221;9123
Andaraí;https://especiais.gazetadopovo.com.br/eleicoes/2018/resultados/municipios-bahia/andarai-ba/;10611;5327;5278
Andorinha;https://especiais.gazetadopovo.com.br/eleicoes/2018/resultados/municipios-bahia/andorinha-ba/;11618;5716;5902
Angical;https://especiais.gazetadopovo.com.br/eleicoes/2018/resultados/municipios-bahia/angical-ba/;12408;5979;6428
Anguera;https://especiais.gazetadopovo.com.br/eleicoes/2018/resultados/municipios-bahia/anguera-ba/;8831;4507;4323
Antas;https://especiais.gazetadopovo.com.br/eleicoes/2018/resultados/municipios-bahia/antas-ba/;10608;5375;5232
Antônio Cardoso;https://especiais.gazetadopovo.com.br/eleicoes/2018/resultados/municipios-bahia/antonio-cardoso-ba/;10724;5623;5101
Antônio Gonçalves;https://especiais.gazetadopovo.com.br/eleicoes/2018/resultados/municipios-bahia/antonio-goncalves-ba/;8196;4142;4051
Aporá;https://especiais.gazetadopovo.com.br/eleicoes/2018/resultados/municipios-bahia/apora-ba/;13237;6598;6620
Apuarema;https://especiais.gazetadopovo.com.br/eleicoes/2018/resultados/municipios-bahia/apuarema-ba/;5182;2623;2559
Araças;https://especiais.gazetadopovo.com.br/eleicoes/2018/resultados/municipios-bahia/aracas-ba/;9206;4713;4493
Aracatu;https://especiais.gazetadopovo.com.br/eleicoes/2018/resultados/municipios-bahia/aracatu-ba/;10999;5328;5671
Araci;https://especiais.gazetadopovo.com.br/eleicoes/2018/resultados/municipios-bahia/araci-ba/;39968;20145;19810
Aramari;https://especiais.gazetadopovo.com.br/eleicoes/2018/resultados/municipios-bahia/aramari-ba/;8562;4396;4166
Arataca;https://especiais.gazetadopovo.com.br/eleicoes/2018/resultados/municipios-bahia/arataca-ba/;5918;2967;2951
Aratuípe;https://especiais.gazetadopovo.com.br/eleicoes/2018/resultados/municipios-bahia/aratuipe-ba/;7854;3997;3855
Aurelino Leal;https://especiais.gazetadopovo.com.br/eleicoes/2018/resultados/municipios-bahia/aurelino-leal-ba/;9259;4830;4429
Baianópolis;https://especiais.gazetadopovo.com.br/eleicoes/2018/resultados/municipios-bahia/baianopolis-ba/;11582;5669;5908
Baixa Grande;https://especiais.gazetadopovo.com.br/eleicoes/2018/resultados/municipios-bahia/baixa-grande-ba/;15520;7912;7595
Banzaê;https://especiais.gazetadopovo.com.br/eleicoes/2018/resultados/municipios-bahia/banzae-ba/;9196;4687;4509
Barra;https://especiais.gazetadopovo.com.br/eleicoes/2018/resultados/municipios-bahia/barra-ba/;35732;17566;18134
Barra da Estiva;https://especiais.gazetadopovo.com.br/eleicoes/2018/resultados/municipios-bahia/barra-da-estiva-ba/;18854;9425;9412
Barra do Choça;https://especiais.gazetadopovo.com.br/eleicoes/2018/resultados/municipios-bahia/barra-do-choca-ba/;28301;14359;13936
Barra do Mendes;https://especiais.gazetadopovo.com.br/eleicoes/2018/resultados/municipios-bahia/barra-do-mendes-ba/;12320;6230;6087
Barra do Rocha;https://especiais.gazetadopovo.com.br/eleicoes/2018/resultados/municipios-bahia/barra-do-rocha-ba/;3881;1966;1915
Barreiras;https://especiais.gazetadopovo.com.br/eleicoes/2018/resultados/municipios-bahia/barreiras-ba/;92210;48502;43708
Barro Alto;https://especiais.gazetadopovo.com.br/eleicoes/2018/resultados/municipios-bahia/barro-alto-ba/;9809;4873;4935
Barro Preto;https://especiais.gazetadopovo.com.br/eleicoes/2018/resultados/municipios-bahia/barro-preto-ba/;5838;2822;3014
Barrocas;https://especiais.gazetadopovo.com.br/eleicoes/2018/resultados/municipios-bahia/barrocas-ba/;12566;6364;6202
Belmonte;https://especiais.gazetadopovo.com.br/eleicoes/2018/resultados/municipios-bahia/belmonte-ba/;15271;7725;7545
Belo Campo;https://especiais.gazetadopovo.com.br/eleicoes/2018/resultados/municipios-bahia/belo-campo-ba/;14897;7499;7394
Biritinga;https://especiais.gazetadopovo.com.br/eleicoes/2018/resultados/municipios-bahia/biritinga-ba/;11677;6046;5631
Boa Nova;https://especiais.gazetadopovo.com.br/eleicoes/2018/resultados/municipios-bahia/boa-nova-ba/;13014;6499;6509
Boa Vista do Tupim;https://especiais.gazetadopovo.com.br/eleicoes/2018/resultados/municipios-bahia/boa-vista-do-tupim-ba/;13318;6790;6510
Bom Jesus da Lapa;https://especiais.gazetadopovo.com.br/eleicoes/2018/resultados/municipios-bahia/bom-jesus-da-lapa-ba/;45619;23694;21912
Bom Jesus da Serra;https://especiais.gazetadopovo.com.br/eleicoes/2018/resultados/municipios-bahia/bom-jesus-da-serra-ba/;9004;4418;4577
Boninal;https://especiais.gazetadopovo.com.br/eleicoes/2018/resultados/municipios-bahia/boninal-ba/;10434;5420;5012
Bonito;https://especiais.gazetadopovo.com.br/eleicoes/2018/resultados/municipios-bahia/bonito-ba/;12237;6063;6157
Boquira;https://especiais.gazetadopovo.com.br/eleicoes/2018/resultados/municipios-bahia/boquira-ba/;16094;8248;7842
Botuporã;https://especiais.gazetadopovo.com.br/eleicoes/2018/resultados/municipios-bahia/botupora-ba/;9726;4896;4829
Brejões;https://especiais.gazetadopovo.com.br/eleicoes/2018/resultados/municipios-bahia/brejoes-ba/;11047;5581;5463
Brejolândia;https://especiais.gazetadopovo.com.br/eleicoes/2018/resultados/municipios-bahia/brejolandia-ba/;7987;3867;4107
Brotas de Macaúbas;https://especiais.gazetadopovo.com.br/eleicoes/2018/resultados/municipios-bahia/brotas-de-macaubas-ba/;9021;4385;4634
Brumado;https://especiais.gazetadopovo.com.br/eleicoes/2018/resultados/municipios-bahia/brumado-ba/;47738;24606;23132
Buerarema;https://especiais.gazetadopovo.com.br/eleicoes/2018/resultados/municipios-bahia/buerarema-ba/;12220;6330;5890
Buritirama;https://especiais.gazetadopovo.com.br/eleicoes/2018/resultados/municipios-bahia/buritirama-ba/;14953;7179;7761
Caatiba;https://especiais.gazetadopovo.com.br/eleicoes/2018/resultados/municipios-bahia/caatiba-ba/;7910;3866;4040
Cabaceiras do Paraguaçu;https://especiais.gazetadopovo.com.br/eleicoes/2018/resultados/municipios-bahia/cabaceiras-do-paraguacu-ba/;11947;6356;5591
Cachoeira;https://especiais.gazetadopovo.com.br/eleicoes/2018/resultados/municipios-bahia/cachoeira-ba/;25111;13095;12000
Caculé;https://especiais.gazetadopovo.com.br/eleicoes/2018/resultados/municipios-bahia/cacule-ba/;16778;8581;8194
Caem;https://especiais.gazetadopovo.com.br/eleicoes/2018/resultados/municipios-bahia/caem-ba/;7322;3872;3450
Caetanos;https://especiais.gazetadopovo.com.br/eleicoes/2018/resultados/municipios-bahia/caetanos-ba/;9650;4591;5054
Caetité;https://especiais.gazetadopovo.com.br/eleicoes/2018/resultados/municipios-bahia/caetite-ba/;39487;20287;19196
Cafarnaum;https://especiais.gazetadopovo.com.br/eleicoes/2018/resultados/municipios-bahia/cafarnaum-ba/;13395;6789;6592
Cairu;https://especiais.gazetadopovo.com.br/eleicoes/2018/resultados/municipios-bahia/cairu-ba/;12534;6581;5953
Caldeir?o Grande;https://especiais.gazetadopovo.com.br/eleicoes/2018/resultados/municipios-bahia/caldeirao-grande-ba/;9708;4987;4717
Camacan;https://especiais.gazetadopovo.com.br/eleicoes/2018/resultados/municipios-bahia/camaca-ba/;17801;9333;8466
Camaçari;https://especiais.gazetadopovo.com.br/eleicoes/2018/resultados/municipios-bahia/camacari-ba/;165405;90191;75214
Camamu;https://especiais.gazetadopovo.com.br/eleicoes/2018/resultados/municipios-bahia/camamu-ba/;24810;12742;12062
Campo Alegre de Lourdes;https://especiais.gazetadopovo.com.br/eleicoes/2018/resultados/municipios-bahia/campo-alegre-de-lourdes-ba/;22097;11373;10685
Campo Formoso;https://especiais.gazetadopovo.com.br/eleicoes/2018/resultados/municipios-bahia/campo-formoso-ba/;52924;26937;25976
Canápolis;https://especiais.gazetadopovo.com.br/eleicoes/2018/resultados/municipios-bahia/canapolis-ba/;8340;4101;4232
Canarana;https://especiais.gazetadopovo.com.br/eleicoes/2018/resultados/municipios-bahia/canarana-ba/;18136;9263;8868
Canavieiras;https://especiais.gazetadopovo.com.br/eleicoes/2018/resultados/municipios-bahia/canavieiras-ba/;23053;12003;11050
Candeal;https://especiais.gazetadopovo.com.br/eleicoes/2018/resultados/municipios-bahia/candeal-ba/;7212;3680;3528
Candeias;https://especiais.gazetadopovo.com.br/eleicoes/2018/resultados/municipios-bahia/candeias-ba/;62371;32917;29445
Candiba;https://especiais.gazetadopovo.com.br/eleicoes/2018/resultados/municipios-bahia/candiba-ba/;10415;5241;5174
Cândido Sales;https://especiais.gazetadopovo.com.br/eleicoes/2018/resultados/municipios-bahia/candido-sales-ba/;18046;9565;8481
Cansanção;https://especiais.gazetadopovo.com.br/eleicoes/2018/resultados/municipios-bahia/cansancao-ba/;27044;13616;13414
Canudos;https://especiais.gazetadopovo.com.br/eleicoes/2018/resultados/municipios-bahia/canudos-ba/;12341;6204;6132
Capela do Alto Alegre;https://especiais.gazetadopovo.com.br/eleicoes/2018/resultados/municipios-bahia/capela-do-alto-alegre-ba/;9269;4663;4592
Capim Grosso;https://especiais.gazetadopovo.com.br/eleicoes/2018/resultados/municipios-bahia/capim-grosso-ba/;22621;11945;10650
Caraíbas;https://especiais.gazetadopovo.com.br/eleicoes/2018/resultados/municipios-bahia/caraibas-ba/;8358;4073;4281
Caravelas;https://especiais.gazetadopovo.com.br/eleicoes/2018/resultados/municipios-bahia/caravelas-ba/;13942;7036;6896
Cardeal da Silva;https://especiais.gazetadopovo.com.br/eleicoes/2018/resultados/municipios-bahia/cardeal-da-silva-ba/;7294;3650;3643
Carinhanha;https://especiais.gazetadopovo.com.br/eleicoes/2018/resultados/municipios-bahia/carinhanha-ba/;21566;10736;10815
Casa Nova;https://especiais.gazetadopovo.com.br/eleicoes/2018/resultados/municipios-bahia/casa-nova-ba/;51739;25877;25861
Castro Alves;https://especiais.gazetadopovo.com.br/eleicoes/2018/resultados/municipios-bahia/castro-alves-ba/;22336;11590;10730
Catolândia;https://especiais.gazetadopovo.com.br/eleicoes/2018/resultados/municipios-bahia/catolandia-ba/;3510;1641;1869
Catu;https://especiais.gazetadopovo.com.br/eleicoes/2018/resultados/municipios-bahia/catu-ba/;40272;21133;19126
Caturama;https://especiais.gazetadopovo.com.br/eleicoes/2018/resultados/municipios-bahia/caturama-ba/;7573;3694;3875
Central;https://especiais.gazetadopovo.com.br/eleicoes/2018/resultados/municipios-bahia/central-ba/;13145;6610;6526
Chorrochó;https://especiais.gazetadopovo.com.br/eleicoes/2018/resultados/municipios-bahia/chorrocho-ba/;8944;4474;4461
Cícero Dantas;https://especiais.gazetadopovo.com.br/eleicoes/2018/resultados/municipios-bahia/cicero-dantas-ba/;25291;13219;12068
Cipó;https://especiais.gazetadopovo.com.br/eleicoes/2018/resultados/municipios-bahia/cipo-ba/;13354;7204;6146
Coaraci;https://especiais.gazetadopovo.com.br/eleicoes/2018/resultados/municipios-bahia/coaraci-ba/;16754;8669;8083
Cocos;https://especiais.gazetadopovo.com.br/eleicoes/2018/resultados/municipios-bahia/cocos-ba/;14603;7114;7489
Conceição da Feira;https://especiais.gazetadopovo.com.br/eleicoes/2018/resultados/municipios-bahia/conceicao-da-feira-ba/;16648;8760;7887
Conceição do Almeida;https://especiais.gazetadopovo.com.br/eleicoes/2018/resultados/municipios-bahia/conceicao-do-almeida-ba/;14381;7421;6960
Conceição do Coité;https://especiais.gazetadopovo.com.br/eleicoes/2018/resultados/municipios-bahia/conceicao-do-coite-ba/;50870;26539;24327
Conceição do Jacuípe;https://especiais.gazetadopovo.com.br/eleicoes/2018/resultados/municipios-bahia/conceicao-do-jacuipe-ba/;23825;12750;11075
Conde;https://especiais.gazetadopovo.com.br/eleicoes/2018/resultados/municipios-bahia/conde-ba/;17300;8851;8448
Condeúba;https://especiais.gazetadopovo.com.br/eleicoes/2018/resultados/municipios-bahia/condeuba-ba/;15360;7791;7566
Contendas do Sincorá;https://especiais.gazetadopovo.com.br/eleicoes/2018/resultados/municipios-bahia/contendas-do-sincora-ba/;3793;1881;1910
Coração de Maria;https://especiais.gazetadopovo.com.br/eleicoes/2018/resultados/municipios-bahia/coracao-de-maria-ba/;20971;10974;9992
Cordeiros;https://especiais.gazetadopovo.com.br/eleicoes/2018/resultados/municipios-bahia/cordeiros-ba/;6985;3576;3408
Coribe;https://especiais.gazetadopovo.com.br/eleicoes/2018/resultados/municipios-bahia/coribe-ba/;11782;5773;6009
Coronel João Sá;https://especiais.gazetadopovo.com.br/eleicoes/2018/resultados/municipios-bahia/coronel-joao-sa-ba/;11513;5886;5627
Correntina;https://especiais.gazetadopovo.com.br/eleicoes/2018/resultados/municipios-bahia/correntina-ba/;26351;13257;13085
Cotegipe;https://especiais.gazetadopovo.com.br/eleicoes/2018/resultados/municipios-bahia/cotegipe-ba/;11208;5381;5822
Cravolândia;https://especiais.gazetadopovo.com.br/eleicoes/2018/resultados/municipios-bahia/cravolandia-ba/;4243;2144;2099
Crisópolis;https://especiais.gazetadopovo.com.br/eleicoes/2018/resultados/municipios-bahia/crisopolis-ba/;16845;8286;8558
Cristópolis;https://especiais.gazetadopovo.com.br/eleicoes/2018/resultados/municipios-bahia/cristopolis-ba/;11801;5769;6024
Cruz das Almas;https://especiais.gazetadopovo.com.br/eleicoes/2018/resultados/municipios-bahia/cruz-das-almas-ba/;44071;24147;19924
Curaçá;https://especiais.gazetadopovo.com.br/eleicoes/2018/resultados/municipios-bahia/curaca-ba/;25044;12304;12733
Dário Meira;https://especiais.gazetadopovo.com.br/eleicoes/2018/resultados/municipios-bahia/dario-meira-ba/;7550;3793;3757
Dias d'Ávila;https://especiais.gazetadopovo.com.br/eleicoes/2018/resultados/municipios-bahia/dias-d-avila-ba/;48604;25871;22718
Dom Basílio;https://especiais.gazetadopovo.com.br/eleicoes/2018/resultados/municipios-bahia/dom-basilio-ba/;9808;4718;5087
Dom Macedo Costa;https://especiais.gazetadopovo.com.br/eleicoes/2018/resultados/municipios-bahia/dom-macedo-costa-ba/;3892;2037;1855
Elísio Medrado;https://especiais.gazetadopovo.com.br/eleicoes/2018/resultados/municipios-bahia/elisio-medrado-ba/;7475;3716;3748
Encruzilhada;https://especiais.gazetadopovo.com.br/eleicoes/2018/resultados/municipios-bahia/encruzilhada-ba/;14389;7197;7192
Entre Rios;https://especiais.gazetadopovo.com.br/eleicoes/2018/resultados/municipios-bahia/entre-rios-ba/;31948;16574;15372
Érico Cardoso;https://especiais.gazetadopovo.com.br/eleicoes/2018/resultados/municipios-bahia/erico-cardoso-ba/;8930;4497;4425
Esplanada;https://especiais.gazetadopovo.com.br/eleicoes/2018/resultados/municipios-bahia/esplanada-ba/;24806;12810;11993
Euclides da Cunha;https://especiais.gazetadopovo.com.br/eleicoes/2018/resultados/municipios-bahia/euclides-da-cunha-ba/;42685;22138;20531
Eunápolis;https://especiais.gazetadopovo.com.br/eleicoes/2018/resultados/municipios-bahia/eunapolis-ba/;76049;40474;35574
Fátima;https://especiais.gazetadopovo.com.br/eleicoes/2018/resultados/municipios-bahia/fatima-ba/;15099;7547;7552
Feira da Mata;https://especiais.gazetadopovo.com.br/eleicoes/2018/resultados/municipios-bahia/feira-da-mata-ba/;4997;2438;2557
Feira de Santana;https://especiais.gazetadopovo.com.br/eleicoes/2018/resultados/municipios-bahia/feira-de-santana-ba/;384050;213559;170490
Filadélfia;https://especiais.gazetadopovo.com.br/eleicoes/2018/resultados/municipios-bahia/filadelfia-ba/;14330;7215;7110
Firmino Alves;https://especiais.gazetadopovo.com.br/eleicoes/2018/resultados/municipios-bahia/firmino-alves-ba/;4818;2355;2461
Floresta Azul;https://especiais.gazetadopovo.com.br/eleicoes/2018/resultados/municipios-bahia/floresta-azul-ba/;7593;3837;3753
Formosa do Rio Preto;https://especiais.gazetadopovo.com.br/eleicoes/2018/resultados/municipios-bahia/formosa-do-rio-preto-ba/;18315;8945;9347
Gandu;https://especiais.gazetadopovo.com.br/eleicoes/2018/resultados/municipios-bahia/gandu-ba/;21700;11368;10329
Gavião;https://especiais.gazetadopovo.com.br/eleicoes/2018/resultados/municipios-bahia/gaviao-ba/;4309;2104;2201
Gentio do Ouro;https://especiais.gazetadopovo.com.br/eleicoes/2018/resultados/municipios-bahia/gentio-do-ouro-ba/;8962;4300;4661
Glória;https://especiais.gazetadopovo.com.br/eleicoes/2018/resultados/municipios-bahia/gloria-ba/;12782;6576;6203
Gongogi;https://especiais.gazetadopovo.com.br/eleicoes/2018/resultados/municipios-bahia/gongogi-ba/;4948;2494;2454
Governador Mangabeira;https://especiais.gazetadopovo.com.br/eleicoes/2018/resultados/municipios-bahia/governador-mangabeira-ba/;15836;8623;7213
Guajeru;https://especiais.gazetadopovo.com.br/eleicoes/2018/resultados/municipios-bahia/guajeru-ba/;7453;3709;3737
Guanambi;https://especiais.gazetadopovo.com.br/eleicoes/2018/resultados/municipios-bahia/guanambi-ba/;60392;32066;28326
Guaratinga;https://especiais.gazetadopovo.com.br/eleicoes/2018/resultados/municipios-bahia/guaratinga-ba/;14871;7247;7611
Heliópolis;https://especiais.gazetadopovo.com.br/eleicoes/2018/resultados/municipios-bahia/heliopolis-ba/;10481;5330;5151
Iaçu;https://especiais.gazetadopovo.com.br/eleicoes/2018/resultados/municipios-bahia/iacu-ba/;22082;11396;10681
Ibiassucê;https://especiais.gazetadopovo.com.br/eleicoes/2018/resultados/municipios-bahia/ibiassuce-ba/;8781;4357;4415
Ibicaraí;https://especiais.gazetadopovo.com.br/eleicoes/2018/resultados/municipios-bahia/ibicarai-ba/;18514;9700;8799
Ibicoara;https://especiais.gazetadopovo.com.br/eleicoes/2018/resultados/municipios-bahia/ibicoara-ba/;13144;6497;6644
Ibicuí;https://especiais.gazetadopovo.com.br/eleicoes/2018/resultados/municipios-bahia/ibicui-ba/;10975;5537;5433
Ibipeba;https://especiais.gazetadopovo.com.br/eleicoes/2018/resultados/municipios-bahia/ibipeba-ba/;13376;6610;6765
Ibipitanga;https://especiais.gazetadopovo.com.br/eleicoes/2018/resultados/municipios-bahia/ibipitanga-ba/;12703;6475;6227
Ibiquera;https://especiais.gazetadopovo.com.br/eleicoes/2018/resultados/municipios-bahia/ibiquera-ba/;3416;1651;1765
Ibirapitanga;https://especiais.gazetadopovo.com.br/eleicoes/2018/resultados/municipios-bahia/ibirapitanga-ba/;12638;6718;5920
Ibirapuã;https://especiais.gazetadopovo.com.br/eleicoes/2018/resultados/municipios-bahia/ibirapua-ba/;6788;3334;3435
Ibirataia;https://especiais.gazetadopovo.com.br/eleicoes/2018/resultados/municipios-bahia/ibirataia-ba/;14538;7657;6881
Ibitiara;https://especiais.gazetadopovo.com.br/eleicoes/2018/resultados/municipios-bahia/ibitiara-ba/;10479;5357;5122
Ibititá;https://especiais.gazetadopovo.com.br/eleicoes/2018/resultados/municipios-bahia/ibitita-ba/;14224;7054;7170
Ibotirama;https://especiais.gazetadopovo.com.br/eleicoes/2018/resultados/municipios-bahia/ibotirama-ba/;19636;9928;9688
Ichu;https://especiais.gazetadopovo.com.br/eleicoes/2018/resultados/municipios-bahia/ichu-ba/;5261;2650;2604
Igaporã;https://especiais.gazetadopovo.com.br/eleicoes/2018/resultados/municipios-bahia/igapora-ba/;11652;5894;5755
Igrapiúna;https://especiais.gazetadopovo.com.br/eleicoes/2018/resultados/municipios-bahia/igrapiuna-ba/;9858;4818;5038
Iguaí;https://especiais.gazetadopovo.com.br/eleicoes/2018/resultados/municipios-bahia/iguai-ba/;19697;9623;10069
Ilhéus;https://especiais.gazetadopovo.com.br/eleicoes/2018/resultados/municipios-bahia/ilheus-ba/;116780;63918;52862
Inhambupe;https://especiais.gazetadopovo.com.br/eleicoes/2018/resultados/municipios-bahia/inhambupe-ba/;25865;13386;12460
Ipecaetá;https://especiais.gazetadopovo.com.br/eleicoes/2018/resultados/municipios-bahia/ipecaeta-ba/;13249;6945;6304
Ipiaú;https://especiais.gazetadopovo.com.br/eleicoes/2018/resultados/municipios-bahia/ipiau-ba/;29891;16212;13679
Ipirá;https://especiais.gazetadopovo.com.br/eleicoes/2018/resultados/municipios-bahia/ipira-ba/;43574;22924;20650
Ipupiara;https://especiais.gazetadopovo.com.br/eleicoes/2018/resultados/municipios-bahia/ipupiara-ba/;7804;3854;3945
Irajuba;https://especiais.gazetadopovo.com.br/eleicoes/2018/resultados/municipios-bahia/irajuba-ba/;5049;2537;2512
Iramaia;https://especiais.gazetadopovo.com.br/eleicoes/2018/resultados/municipios-bahia/iramaia-ba/;8699;4222;4471
Iraquara;https://especiais.gazetadopovo.com.br/eleicoes/2018/resultados/municipios-bahia/iraquara-ba/;16623;8674;7946
Irará;https://especiais.gazetadopovo.com.br/eleicoes/2018/resultados/municipios-bahia/irara-ba/;23482;12475;11006
Irecê;https://especiais.gazetadopovo.com.br/eleicoes/2018/resultados/municipios-bahia/irece-ba/;44082;24526;19556
Itabela;https://especiais.gazetadopovo.com.br/eleicoes/2018/resultados/municipios-bahia/itabela-ba/;22432;11375;11049
Itaberaba;https://especiais.gazetadopovo.com.br/eleicoes/2018/resultados/municipios-bahia/itaberaba-ba/;42346;22915;19425
Itabuna;https://especiais.gazetadopovo.com.br/eleicoes/2018/resultados/municipios-bahia/itabuna-ba/;154473;83934;70425
Itacaré;https://especiais.gazetadopovo.com.br/eleicoes/2018/resultados/municipios-bahia/itacare-ba/;15122;7411;7708
Itaeté;https://especiais.gazetadopovo.com.br/eleicoes/2018/resultados/municipios-bahia/itaete-ba/;10713;5389;5318
Itagi;https://especiais.gazetadopovo.com.br/eleicoes/2018/resultados/municipios-bahia/itagi-ba/;9546;4864;4682
Itagibá;https://especiais.gazetadopovo.com.br/eleicoes/2018/resultados/municipios-bahia/itagiba-ba/;11041;5582;5459
Itagimirim;https://especiais.gazetadopovo.com.br/eleicoes/2018/resultados/municipios-bahia/itagimirim-ba/;5696;2904;2792
Itaguaçu da Bahia;https://especiais.gazetadopovo.com.br/eleicoes/2018/resultados/municipios-bahia/itaguacu-da-bahia-ba/;9654;4664;4988
Itaju do Colônia;https://especiais.gazetadopovo.com.br/eleicoes/2018/resultados/municipios-bahia/itaju-do-colonia-ba/;5102;2568;2529
Itajuípe;https://especiais.gazetadopovo.com.br/eleicoes/2018/resultados/municipios-bahia/itajuipe-ba/;17003;8694;8302
Itamaraju;https://especiais.gazetadopovo.com.br/eleicoes/2018/resultados/municipios-bahia/itamaraju-ba/;44327;23193;21132
Itamari;https://especiais.gazetadopovo.com.br/eleicoes/2018/resultados/municipios-bahia/itamari-ba/;6440;3168;3272
Itambé;https://especiais.gazetadopovo.com.br/eleicoes/2018/resultados/municipios-bahia/itambe-ba/;18243;9221;9020
Itanagra;https://especiais.gazetadopovo.com.br/eleicoes/2018/resultados/municipios-bahia/itanagra-ba/;5587;2704;2882
Itanhém;https://especiais.gazetadopovo.com.br/eleicoes/2018/resultados/municipios-bahia/itanhem-ba/;15910;7883;8024
Itaparica;https://especiais.gazetadopovo.com.br/eleicoes/2018/resultados/municipios-bahia/itaparica-ba/;16599;8901;7697
Itapé;https://especiais.gazetadopovo.com.br/eleicoes/2018/resultados/municipios-bahia/itape-ba/;9547;4787;4760
Itapebi;https://especiais.gazetadopovo.com.br/eleicoes/2018/resultados/municipios-bahia/itapebi-ba/;7366;3714;3652
Itapetinga;https://especiais.gazetadopovo.com.br/eleicoes/2018/resultados/municipios-bahia/itapetinga-ba/;46558;24708;21846
Itapicuru;https://especiais.gazetadopovo.com.br/eleicoes/2018/resultados/municipios-bahia/itapicuru-ba/;23259;11439;11815
Itapitanga;https://especiais.gazetadopovo.com.br/eleicoes/2018/resultados/municipios-bahia/itapitanga-ba/;6576;3293;3281
Itaquara;https://especiais.gazetadopovo.com.br/eleicoes/2018/resultados/municipios-bahia/itaquara-ba/;6172;3130;3042
Itarantim;https://especiais.gazetadopovo.com.br/eleicoes/2018/resultados/municipios-bahia/itarantim-ba/;14170;7051;7116
Itatim;https://especiais.gazetadopovo.com.br/eleicoes/2018/resultados/municipios-bahia/itatim-ba/;11573;5851;5698
Itiruçu;https://especiais.gazetadopovo.com.br/eleicoes/2018/resultados/municipios-bahia/itirucu-ba/;9312;4911;4401
Itiúba;https://especiais.gazetadopovo.com.br/eleicoes/2018/resultados/municipios-bahia/itiuba-ba/;29225;14620;14583
Itororó;https://especiais.gazetadopovo.com.br/eleicoes/2018/resultados/municipios-bahia/itororo-ba/;16484;8448;8031
Ituaçu;https://especiais.gazetadopovo.com.br/eleicoes/2018/resultados/municipios-bahia/ituacu-ba/;14599;7398;7200
Ituberá;https://especiais.gazetadopovo.com.br/eleicoes/2018/resultados/municipios-bahia/itubera-ba/;19258;9932;9318
Iuiú;https://especiais.gazetadopovo.com.br/eleicoes/2018/resultados/municipios-bahia/iuiu-ba/;8402;4068;4321
Jaborandi;https://especiais.gazetadopovo.com.br/eleicoes/2018/resultados/municipios-bahia/jaborandi-ba/;8165;3984;4181
Jacaraci;https://especiais.gazetadopovo.com.br/eleicoes/2018/resultados/municipios-bahia/jacaraci-ba/;12001;5822;6178
Jacobina;https://especiais.gazetadopovo.com.br/eleicoes/2018/resultados/municipios-bahia/jacobina-ba/;53609;29437;24172
Jaguaquara;https://especiais.gazetadopovo.com.br/eleicoes/2018/resultados/municipios-bahia/jaguaquara-ba/;32615;17450;15165
Jaguarari;https://especiais.gazetadopovo.com.br/eleicoes/2018/resultados/municipios-bahia/jaguarari-ba/;22098;11105;10984
Jaguaripe;https://especiais.gazetadopovo.com.br/eleicoes/2018/resultados/municipios-bahia/jaguaripe-ba/;13039;6594;6442
Jandaíra;https://especiais.gazetadopovo.com.br/eleicoes/2018/resultados/municipios-bahia/jandaira-ba/;8250;4037;4213
Jequié;https://especiais.gazetadopovo.com.br/eleicoes/2018/resultados/municipios-bahia/jequie-ba/;105277;56610;48667
Jeremoabo;https://especiais.gazetadopovo.com.br/eleicoes/2018/resultados/municipios-bahia/jeremoabo-ba/;26738;13634;13096
Jiquiriçá;https://especiais.gazetadopovo.com.br/eleicoes/2018/resultados/municipios-bahia/jiquirica-ba/;10702;5334;5362
Jitaúna;https://especiais.gazetadopovo.com.br/eleicoes/2018/resultados/municipios-bahia/jitauna-ba/;11107;5693;5414
João Dourado;https://especiais.gazetadopovo.com.br/eleicoes/2018/resultados/municipios-bahia/joao-dourado-ba/;17871;9181;8689
Juazeiro;https://especiais.gazetadopovo.com.br/eleicoes/2018/resultados/municipios-bahia/juazeiro-ba/;140481;75413;65068
Jucuruçu;https://especiais.gazetadopovo.com.br/eleicoes/2018/resultados/municipios-bahia/jucurucu-ba/;7960;3718;4239
Jussara;https://especiais.gazetadopovo.com.br/eleicoes/2018/resultados/municipios-bahia/jussara-ba/;12144;5886;6237
Jussari;https://especiais.gazetadopovo.com.br/eleicoes/2018/resultados/municipios-bahia/jussari-ba/;4904;2407;2494
Jussiape;https://especiais.gazetadopovo.com.br/eleicoes/2018/resultados/municipios-bahia/jussiape-ba/;6675;3433;3237
Lafaiete Coutinho;https://especiais.gazetadopovo.com.br/eleicoes/2018/resultados/municipios-bahia/lafaiete-coutinho-ba/;3532;1741;1791
Lagoa Real;https://especiais.gazetadopovo.com.br/eleicoes/2018/resultados/municipios-bahia/lagoa-real-ba/;10471;5040;5427
Laje;https://especiais.gazetadopovo.com.br/eleicoes/2018/resultados/municipios-bahia/laje-ba/;19038;9696;9340
Lajedão;https://especiais.gazetadopovo.com.br/eleicoes/2018/resultados/municipios-bahia/lajedao-ba/;4821;2345;2470
Lajedinho;https://especiais.gazetadopovo.com.br/eleicoes/2018/resultados/municipios-bahia/lajedinho-ba/;3235;1565;1668
Lajedo do Tabocal;https://especiais.gazetadopovo.com.br/eleicoes/2018/resultados/municipios-bahia/lajedo-do-tabocal-ba/;6217;3149;3068
Lamarão;https://especiais.gazetadopovo.com.br/eleicoes/2018/resultados/municipios-bahia/lamarao-ba/;7887;3954;3932
Lapão;https://especiais.gazetadopovo.com.br/eleicoes/2018/resultados/municipios-bahia/lapao-ba/;21311;10835;10474
Lauro de Freitas;https://especiais.gazetadopovo.com.br/eleicoes/2018/resultados/municipios-bahia/lauro-de-freitas-ba/;129108;70113;58962
Lençóis;https://especiais.gazetadopovo.com.br/eleicoes/2018/resultados/municipios-bahia/lencois-ba/;7602;3920;3682
Licínio de Almeida;https://especiais.gazetadopovo.com.br/eleicoes/2018/resultados/municipios-bahia/licinio-de-almeida-ba/;9280;4585;4691
Livramento de Nossa Senhora;https://especiais.gazetadopovo.com.br/eleicoes/2018/resultados/municipios-bahia/livramento-de-nossa-senhora-ba/;33571;16780;16775
Luís Eduardo Magalhães;https://especiais.gazetadopovo.com.br/eleicoes/2018/resultados/municipios-bahia/luis-eduardo-magalhaes-ba/;53094;27386;25708
Macajuba;https://especiais.gazetadopovo.com.br/eleicoes/2018/resultados/municipios-bahia/macajuba-ba/;9772;4930;4839
Macarani;https://especiais.gazetadopovo.com.br/eleicoes/2018/resultados/municipios-bahia/macarani-ba/;13752;6947;6802
Macaúbas;https://especiais.gazetadopovo.com.br/eleicoes/2018/resultados/municipios-bahia/macaubas-ba/;33800;16994;16799
Macururé;https://especiais.gazetadopovo.com.br/eleicoes/2018/resultados/municipios-bahia/macurure-ba/;6529;3340;3168
Madre de Deus;https://especiais.gazetadopovo.com.br/eleicoes/2018/resultados/municipios-bahia/madre-de-deus-ba/;14496;7732;6764
Maetinga;https://especiais.gazetadopovo.com.br/eleicoes/2018/resultados/municipios-bahia/maetinga-ba/;6790;3378;3409
Maiquinique;https://especiais.gazetadopovo.com.br/eleicoes/2018/resultados/municipios-bahia/maiquinique-ba/;7287;3630;3654
Mairi;https://especiais.gazetadopovo.com.br/eleicoes/2018/resultados/municipios-bahia/mairi-ba/;14362;7510;6848
Malhada;https://especiais.gazetadopovo.com.br/eleicoes/2018/resultados/municipios-bahia/malhada-ba/;13034;6342;6674
Malhada de Pedras;https://especiais.gazetadopovo.com.br/eleicoes/2018/resultados/municipios-bahia/malhada-de-pedras-ba/;6726;3291;3435
Manoel Vitorino;https://especiais.gazetadopovo.com.br/eleicoes/2018/resultados/municipios-bahia/manoel-vitorino-ba/;11619;5885;5734
Mansidão;https://especiais.gazetadopovo.com.br/eleicoes/2018/resultados/municipios-bahia/mansidao-ba/;9694;4656;5026
Maracás;https://especiais.gazetadopovo.com.br/eleicoes/2018/resultados/municipios-bahia/maracas-ba/;21458;11027;10428
Maragogipe;https://especiais.gazetadopovo.com.br/eleicoes/2018/resultados/municipios-bahia/maragogipe-ba/;32575;16821;15741
Maraú;https://especiais.gazetadopovo.com.br/eleicoes/2018/resultados/municipios-bahia/marau-ba/;12936;6156;6780
Marcionílio Souza;https://especiais.gazetadopovo.com.br/eleicoes/2018/resultados/municipios-bahia/marcionilio-souza-ba/;7703;3880;3820
Mascote;https://especiais.gazetadopovo.com.br/eleicoes/2018/resultados/municipios-bahia/mascote-ba/;9028;4543;4483
Mata de São João;https://especiais.gazetadopovo.com.br/eleicoes/2018/resultados/municipios-bahia/mata-de-sao-joao-ba/;39638;20455;19181
Matina;https://especiais.gazetadopovo.com.br/eleicoes/2018/resultados/municipios-bahia/matina-ba/;8987;4483;4497
Medeiros Neto;https://especiais.gazetadopovo.com.br/eleicoes/2018/resultados/municipios-bahia/medeiros-neto-ba/;18442;9230;9209
Miguel Calmon;https://especiais.gazetadopovo.com.br/eleicoes/2018/resultados/municipios-bahia/miguel-calmon-ba/;21540;11128;10410
Milagres;https://especiais.gazetadopovo.com.br/eleicoes/2018/resultados/municipios-bahia/milagres-ba/;8656;4531;4124
Mirangaba;https://especiais.gazetadopovo.com.br/eleicoes/2018/resultados/municipios-bahia/mirangaba-ba/;10734;5615;5119
Mirante;https://especiais.gazetadopovo.com.br/eleicoes/2018/resultados/municipios-bahia/mirante-ba/;7529;3677;3848
Monte Santo;https://especiais.gazetadopovo.com.br/eleicoes/2018/resultados/municipios-bahia/monte-santo-ba/;43120;21244;21856
Morpará;https://especiais.gazetadopovo.com.br/eleicoes/2018/resultados/municipios-bahia/morpara-ba/;7215;3523;3691
Morro do Chapéu;https://especiais.gazetadopovo.com.br/eleicoes/2018/resultados/municipios-bahia/morro-do-chapeu-ba/;24025;12253;11762
Mortugaba;https://especiais.gazetadopovo.com.br/eleicoes/2018/resultados/municipios-bahia/mortugaba-ba/;9522;4898;4624
Mucugê;https://especiais.gazetadopovo.com.br/eleicoes/2018/resultados/municipios-bahia/mucuge-ba/;8859;4502;4353
Mucuri;https://especiais.gazetadopovo.com.br/eleicoes/2018/resultados/municipios-bahia/mucuri-ba/;27885;13966;13904
Mulungu do Morro;https://especiais.gazetadopovo.com.br/eleicoes/2018/resultados/municipios-bahia/mulungu-do-morro-ba/;10529;5419;5105
Mundo Novo;https://especiais.gazetadopovo.com.br/eleicoes/2018/resultados/municipios-bahia/mundo-novo-ba/;15509;7874;7634
Muniz Ferreira;https://especiais.gazetadopovo.com.br/eleicoes/2018/resultados/municipios-bahia/muniz-ferreira-ba/;6932;3547;3385
Muquém de S?o Francisco;https://especiais.gazetadopovo.com.br/eleicoes/2018/resultados/municipios-bahia/muquem-do-sao-francisco-ba/;8963;4283;4666
Muritiba;https://especiais.gazetadopovo.com.br/eleicoes/2018/resultados/municipios-bahia/muritiba-ba/;21104;11440;9664
Mutuípe;https://especiais.gazetadopovo.com.br/eleicoes/2018/resultados/municipios-bahia/mutuipe-ba/;18024;9334;8676
Nazaré;https://especiais.gazetadopovo.com.br/eleicoes/2018/resultados/municipios-bahia/nazare-ba/;21443;11392;10042
Nilo Peçanha;https://especiais.gazetadopovo.com.br/eleicoes/2018/resultados/municipios-bahia/nilo-pecanha-ba/;8854;4542;4309
Nordestina;https://especiais.gazetadopovo.com.br/eleicoes/2018/resultados/municipios-bahia/nordestina-ba/;10379;5020;5350
Nova Canaã;https://especiais.gazetadopovo.com.br/eleicoes/2018/resultados/municipios-bahia/nova-canaa-ba/;12194;6046;6144
Nova Fátima;https://especiais.gazetadopovo.com.br/eleicoes/2018/resultados/municipios-bahia/nova-fatima-ba/;7216;3674;3539
Nova Ibiá;https://especiais.gazetadopovo.com.br/eleicoes/2018/resultados/municipios-bahia/nova-ibia-ba/;5296;2582;2713
Nova Itarana;https://especiais.gazetadopovo.com.br/eleicoes/2018/resultados/municipios-bahia/nova-itarana-ba/;5648;2892;2752
Nova Redenção;https://especiais.gazetadopovo.com.br/eleicoes/2018/resultados/municipios-bahia/nova-redencao-ba/;6157;3064;3092
Nova Soure;https://especiais.gazetadopovo.com.br/eleicoes/2018/resultados/municipios-bahia/nova-soure-ba/;20200;10245;9954
Nova Viçosa;https://especiais.gazetadopovo.com.br/eleicoes/2018/resultados/municipios-bahia/nova-vicosa-ba/;29064;14816;14233
Novo Horizonte;https://especiais.gazetadopovo.com.br/eleicoes/2018/resultados/municipios-bahia/novo-horizonte-ba/;8107;3998;4109
Novo Triunfo;https://especiais.gazetadopovo.com.br/eleicoes/2018/resultados/municipios-bahia/novo-triunfo-ba/;8047;4133;3911
Olindina;https://especiais.gazetadopovo.com.br/eleicoes/2018/resultados/municipios-bahia/olindina-ba/;20131;10235;9886
Oliveira dos Brejinhos;https://especiais.gazetadopovo.com.br/eleicoes/2018/resultados/municipios-bahia/oliveira-dos-brejinhos-ba/;16557;8143;8409
Ouriçangas;https://especiais.gazetadopovo.com.br/eleicoes/2018/resultados/municipios-bahia/ouricangas-ba/;6772;3427;3341
Ourolândia;https://especiais.gazetadopovo.com.br/eleicoes/2018/resultados/municipios-bahia/ourolandia-ba/;11892;6085;5807
Palmas de Monte Alto;https://especiais.gazetadopovo.com.br/eleicoes/2018/resultados/municipios-bahia/palmas-de-monte-alto-ba/;17092;8539;8549
Palmeiras;https://especiais.gazetadopovo.com.br/eleicoes/2018/resultados/municipios-bahia/palmeiras-ba/;6669;3394;3273
Paramirim;https://especiais.gazetadopovo.com.br/eleicoes/2018/resultados/municipios-bahia/paramirim-ba/;16399;8355;8039
Paratinga;https://especiais.gazetadopovo.com.br/eleicoes/2018/resultados/municipios-bahia/paratinga-ba/;22639;11271;11345
Paripiranga;https://especiais.gazetadopovo.com.br/eleicoes/2018/resultados/municipios-bahia/paripiranga-ba/;21769;11499;10270
Pau Brasil;https://especiais.gazetadopovo.com.br/eleicoes/2018/resultados/municipios-bahia/pau-brasil-ba/;7209;3618;3591
Paulo Afonso;https://especiais.gazetadopovo.com.br/eleicoes/2018/resultados/municipios-bahia/paulo-afonso-ba/;81179;43238;37927
Pé de Serra;https://especiais.gazetadopovo.com.br/eleicoes/2018/resultados/municipios-bahia/pe-de-serra-ba/;11247;5740;5505
Pedrão;https://especiais.gazetadopovo.com.br/eleicoes/2018/resultados/municipios-bahia/pedrao-ba/;5974;2921;3052
Pedro Alexandre;https://especiais.gazetadopovo.com.br/eleicoes/2018/resultados/municipios-bahia/pedro-alexandre-ba/;9592;4772;4808
Piatã;https://especiais.gazetadopovo.com.br/eleicoes/2018/resultados/municipios-bahia/piata-ba/;16459;8545;7913
Pilão Arcado;https://especiais.gazetadopovo.com.br/eleicoes/2018/resultados/municipios-bahia/pilao-arcado-ba/;25497;12656;12829
Pindaí;https://especiais.gazetadopovo.com.br/eleicoes/2018/resultados/municipios-bahia/pindai-ba/;12366;6141;6219
Pindobaçu;https://especiais.gazetadopovo.com.br/eleicoes/2018/resultados/municipios-bahia/pindobacu-ba/;14745;7463;7281
Pintadas;https://especiais.gazetadopovo.com.br/eleicoes/2018/resultados/municipios-bahia/pintadas-ba/;7919;4066;3853
Piraí do Norte;https://especiais.gazetadopovo.com.br/eleicoes/2018/resultados/municipios-bahia/pirai-do-norte-ba/;6303;3057;3245
Piripá;https://especiais.gazetadopovo.com.br/eleicoes/2018/resultados/municipios-bahia/piripa-ba/;9097;4643;4450
Piritiba;https://especiais.gazetadopovo.com.br/eleicoes/2018/resultados/municipios-bahia/piritiba-ba/;13720;7036;6671
Planaltino;https://especiais.gazetadopovo.com.br/eleicoes/2018/resultados/municipios-bahia/planaltino-ba/;6566;3187;3378
Planalto;https://especiais.gazetadopovo.com.br/eleicoes/2018/resultados/municipios-bahia/planalto-ba/;18732;9731;9000
Poções;https://especiais.gazetadopovo.com.br/eleicoes/2018/resultados/municipios-bahia/pocoes-ba/;35794;18795;16980
Pojuca;https://especiais.gazetadopovo.com.br/eleicoes/2018/resultados/municipios-bahia/pojuca-ba/;26812;14273;12539
Ponto Novo;https://especiais.gazetadopovo.com.br/eleicoes/2018/resultados/municipios-bahia/ponto-novo-ba/;13184;6578;6597
Porto Seguro;https://especiais.gazetadopovo.com.br/eleicoes/2018/resultados/municipios-bahia/porto-seguro-ba/;88317;47490;40827
Potiraguá;https://especiais.gazetadopovo.com.br/eleicoes/2018/resultados/municipios-bahia/potiragua-ba/;8827;4224;4599
Prado;https://especiais.gazetadopovo.com.br/eleicoes/2018/resultados/municipios-bahia/prado-ba/;21414;10866;10530
Presidente Dutra;https://especiais.gazetadopovo.com.br/eleicoes/2018/resultados/municipios-bahia/presidente-dutra-ba/;10281;5302;4979
Presidente Jânio Quadros;https://especiais.gazetadopovo.com.br/eleicoes/2018/resultados/municipios-bahia/presidente-janio-quadros-ba/;11413;5602;5802
Presidente Tancredo Neves;https://especiais.gazetadopovo.com.br/eleicoes/2018/resultados/municipios-bahia/presidente-tancredo-neves-ba/;19770;9952;9808
Queimadas;https://especiais.gazetadopovo.com.br/eleicoes/2018/resultados/municipios-bahia/queimadas-ba/;19836;10020;9811
Quijingue;https://especiais.gazetadopovo.com.br/eleicoes/2018/resultados/municipios-bahia/quinjingue-ba/;20709;10102;10600
Quixabeira;https://especiais.gazetadopovo.com.br/eleicoes/2018/resultados/municipios-bahia/quixabeira-ba/;8098;4050;4046
Rafael Jambeiro;https://especiais.gazetadopovo.com.br/eleicoes/2018/resultados/municipios-bahia/rafael-jambeiro-ba/;17634;9288;8331
Remanso;https://especiais.gazetadopovo.com.br/eleicoes/2018/resultados/municipios-bahia/remanso-ba/;30249;15655;14566
Retirolândia;https://especiais.gazetadopovo.com.br/eleicoes/2018/resultados/municipios-bahia/retirolandia-ba/;11819;6051;5768
Riachão das Neves;https://especiais.gazetadopovo.com.br/eleicoes/2018/resultados/municipios-bahia/riachao-das-neves-ba/;18445;8997;9438
Riachão do Jacuípe;https://especiais.gazetadopovo.com.br/eleicoes/2018/resultados/municipios-bahia/riachao-do-jacuipe-ba/;25886;13620;12253
Riacho de Santana;https://especiais.gazetadopovo.com.br/eleicoes/2018/resultados/municipios-bahia/riacho-de-santana-ba/;23729;11800;11920
Ribeira do Amparo;https://especiais.gazetadopovo.com.br/eleicoes/2018/resultados/municipios-bahia/ribeira-do-amparo-ba/;11963;5897;6065
Ribeira do Pombal;https://especiais.gazetadopovo.com.br/eleicoes/2018/resultados/municipios-bahia/ribeira-do-pombal-ba/;37638;19879;17759
Ribeirão do Largo;https://especiais.gazetadopovo.com.br/eleicoes/2018/resultados/municipios-bahia/ribeirao-do-largo-ba/;7560;3675;3885
Rio de Contas;https://especiais.gazetadopovo.com.br/eleicoes/2018/resultados/municipios-bahia/rio-de-contas-ba/;11922;6151;5767
Rio do Antônio;https://especiais.gazetadopovo.com.br/eleicoes/2018/resultados/municipios-bahia/rio-do-antonio-ba/;11229;5578;5637
Rio do Pires;https://especiais.gazetadopovo.com.br/eleicoes/2018/resultados/municipios-bahia/rio-do-pires-ba/;10059;5089;4963
Rio Real;https://especiais.gazetadopovo.com.br/eleicoes/2018/resultados/municipios-bahia/rio-real-ba/;29192;15040;14151
Rodelas;https://especiais.gazetadopovo.com.br/eleicoes/2018/resultados/municipios-bahia/rodelas-ba/;6447;3324;3123
Ruy Barbosa;https://especiais.gazetadopovo.com.br/eleicoes/2018/resultados/municipios-bahia/ruy-barbosa-ba/;23789;12527;11249
Salinas da Margarida;https://especiais.gazetadopovo.com.br/eleicoes/2018/resultados/municipios-bahia/salinas-da-margarida-ba/;11644;6287;5351
Santa Bárbara;https://especiais.gazetadopovo.com.br/eleicoes/2018/resultados/municipios-bahia/santa-barbara-ba/;17858;9589;8269
Santa Brígida;https://especiais.gazetadopovo.com.br/eleicoes/2018/resultados/municipios-bahia/santa-brigida-ba/;12018;5961;6057
Santa Cruz Cabrália;https://especiais.gazetadopovo.com.br/eleicoes/2018/resultados/municipios-bahia/santa-cruz-cabralia-ba/;18037;9525;8512
Santa Cruz da Vitória;https://especiais.gazetadopovo.com.br/eleicoes/2018/resultados/municipios-bahia/santa-cruz-da-vitoria-ba/;4659;2261;2397
Santa Inês;https://especiais.gazetadopovo.com.br/eleicoes/2018/resultados/municipios-bahia/santa-ines-ba/;8225;4241;3982
Santa Luzia;https://especiais.gazetadopovo.com.br/eleicoes/2018/resultados/municipios-bahia/santa-luzia-ba/;9109;4431;4668
Santa Maria da Vitória;https://especiais.gazetadopovo.com.br/eleicoes/2018/resultados/municipios-bahia/santa-maria-da-vitoria-ba/;29919;15183;14705
Santa Rita de Cássia;https://especiais.gazetadopovo.com.br/eleicoes/2018/resultados/municipios-bahia/santa-rita-de-cassia-ba/;22499;10938;11542
Santa Teresinha;https://especiais.gazetadopovo.com.br/eleicoes/2018/resultados/municipios-bahia/santa-terezinha-ba/;8849;4490;4315
Santaluz;https://especiais.gazetadopovo.com.br/eleicoes/2018/resultados/municipios-bahia/santaluz-ba/;30082;15304;14778
Santana;https://especiais.gazetadopovo.com.br/eleicoes/2018/resultados/municipios-bahia/santana-ba/;20265;10083;10171
Santanópolis;https://especiais.gazetadopovo.com.br/eleicoes/2018/resultados/municipios-bahia/santanopolis-ba/;8389;4340;4049
Santo Amaro;https://especiais.gazetadopovo.com.br/eleicoes/2018/resultados/municipios-bahia/santo-amaro-ba/;46527;24779;21734
Santo Antônio de Jesus;https://especiais.gazetadopovo.com.br/eleicoes/2018/resultados/municipios-bahia/santo-antonio-de-jesus-ba/;67597;37218;30379
Santo Estêv?o;https://especiais.gazetadopovo.com.br/eleicoes/2018/resultados/municipios-bahia/santo-estevao-ba/;35723;19447;16276
São Desidério;https://especiais.gazetadopovo.com.br/eleicoes/2018/resultados/municipios-bahia/sao-desiderio-ba/;21461;10536;10925
São Domingos;https://especiais.gazetadopovo.com.br/eleicoes/2018/resultados/municipios-bahia/sao-domingos-ba/;7303;3759;3544
São Felipe;https://especiais.gazetadopovo.com.br/eleicoes/2018/resultados/municipios-bahia/sao-felipe-ba/;17016;8747;8269
São Félix;https://especiais.gazetadopovo.com.br/eleicoes/2018/resultados/municipios-bahia/sao-felix-ba/;10122;5280;4842
São Félix do Coribe;https://especiais.gazetadopovo.com.br/eleicoes/2018/resultados/municipios-bahia/sao-felix-do-coribe-ba/;10828;5493;5331
São Francisco do Conde;https://especiais.gazetadopovo.com.br/eleicoes/2018/resultados/municipios-bahia/sao-francisco-do-conde-ba/;31167;16865;14302
São Gabriel;https://especiais.gazetadopovo.com.br/eleicoes/2018/resultados/municipios-bahia/sao-gabriel-ba/;14537;7351;7186
São Gonçalo dos Campos;https://especiais.gazetadopovo.com.br/eleicoes/2018/resultados/municipios-bahia/sao-goncalo-dos-campos-ba/;27915;14817;13096
São José da Vitória;https://especiais.gazetadopovo.com.br/eleicoes/2018/resultados/municipios-bahia/sao-jose-da-vitoria-ba/;4511;2271;2240
São José do Jacuípe;https://especiais.gazetadopovo.com.br/eleicoes/2018/resultados/municipios-bahia/sao-jose-do-jacuipe-ba/;7915;3998;3914
São Miguel das Matas;https://especiais.gazetadopovo.com.br/eleicoes/2018/resultados/municipios-bahia/sao-miguel-das-matas-ba/;8587;4355;4226
São Sebastião do Passé;https://especiais.gazetadopovo.com.br/eleicoes/2018/resultados/municipios-bahia/sao-sebastiao-do-passe-ba/;33761;17553;16183
Sapeaçu;https://especiais.gazetadopovo.com.br/eleicoes/2018/resultados/municipios-bahia/sapeacu-ba/;13896;7485;6411
Sátiro Dias;https://especiais.gazetadopovo.com.br/eleicoes/2018/resultados/municipios-bahia/satiro-dias-ba/;13563;6720;6834
Saubara;https://especiais.gazetadopovo.com.br/eleicoes/2018/resultados/municipios-bahia/saubara-ba/;11514;6087;5422
Saúde;https://especiais.gazetadopovo.com.br/eleicoes/2018/resultados/municipios-bahia/saude-ba/;8789;4478;4311
Seabra;https://especiais.gazetadopovo.com.br/eleicoes/2018/resultados/municipios-bahia/seabra-ba/;30295;15750;14545
Sebastião Laranjeiras;https://especiais.gazetadopovo.com.br/eleicoes/2018/resultados/municipios-bahia/sebastiao-laranjeiras-ba/;7005;3472;3531
Senhor do Bonfim;https://especiais.gazetadopovo.com.br/eleicoes/2018/resultados/municipios-bahia/senhor-do-bonfim-ba/;48441;26176;22265
Sento Sé;https://especiais.gazetadopovo.com.br/eleicoes/2018/resultados/municipios-bahia/sento-se-ba/;28383;13867;14491
Serra do Ramalho;https://especiais.gazetadopovo.com.br/eleicoes/2018/resultados/municipios-bahia/serra-do-ramalho-ba/;23309;11650;11645
Serra Dourada;https://especiais.gazetadopovo.com.br/eleicoes/2018/resultados/municipios-bahia/serra-dourada-ba/;15058;7383;7664
Serra Preta;https://especiais.gazetadopovo.com.br/eleicoes/2018/resultados/municipios-bahia/serra-preta-ba/;16950;8663;8284
Serrinha;https://especiais.gazetadopovo.com.br/eleicoes/2018/resultados/municipios-bahia/serrinha-ba/;55769;30172;25597
Serrolândia;https://especiais.gazetadopovo.com.br/eleicoes/2018/resultados/municipios-bahia/serrolandia-ba/;9501;4991;4510
Simões Filho;https://especiais.gazetadopovo.com.br/eleicoes/2018/resultados/municipios-bahia/simoes-filho-ba/;78317;41229;37029
Sítio do Mato;https://especiais.gazetadopovo.com.br/eleicoes/2018/resultados/municipios-bahia/sitio-do-mato-ba/;9507;4617;4886
Sítio do Quinto;https://especiais.gazetadopovo.com.br/eleicoes/2018/resultados/municipios-bahia/sitio-do-quinto-ba/;9629;4886;4735
Sobradinho;https://especiais.gazetadopovo.com.br/eleicoes/2018/resultados/municipios-bahia/sobradinho-ba/;17594;9021;8562
Souto Soares;https://especiais.gazetadopovo.com.br/eleicoes/2018/resultados/municipios-bahia/souto-soares-ba/;13003;6495;6503
Tabocas do Brejo Velho;https://especiais.gazetadopovo.com.br/eleicoes/2018/resultados/municipios-bahia/tabocas-do-brejo-velho-ba/;10264;4984;5269
Tanhaçu;https://especiais.gazetadopovo.com.br/eleicoes/2018/resultados/municipios-bahia/tanhacu-ba/;16818;8414;8402
Tanque Novo;https://especiais.gazetadopovo.com.br/eleicoes/2018/resultados/municipios-bahia/tanque-novo-ba/;12911;6354;6555
Tanquinho;https://especiais.gazetadopovo.com.br/eleicoes/2018/resultados/municipios-bahia/tanquinho-ba/;7161;3686;3475
Taperoá;https://especiais.gazetadopovo.com.br/eleicoes/2018/resultados/municipios-bahia/taperoa-ba/;12663;6526;6136
Tapiramutá;https://especiais.gazetadopovo.com.br/eleicoes/2018/resultados/municipios-bahia/tapiramuta-ba/;11263;5668;5585
Teixeira de Freitas;https://especiais.gazetadopovo.com.br/eleicoes/2018/resultados/municipios-bahia/teixeira-de-freitas-ba/;104948;55351;49530
Teodoro Sampaio;https://especiais.gazetadopovo.com.br/eleicoes/2018/resultados/municipios-bahia/teodoro-sampaio-ba/;6434;3269;3160
Teofilândia;https://especiais.gazetadopovo.com.br/eleicoes/2018/resultados/municipios-bahia/teofilandia-ba/;17154;8726;8423
Teolândia;https://especiais.gazetadopovo.com.br/eleicoes/2018/resultados/municipios-bahia/teolandia-ba/;10557;5311;5244
Terra Nova;https://especiais.gazetadopovo.com.br/eleicoes/2018/resultados/municipios-bahia/terra-nova-ba/;9859;5118;4737
Tremedal;https://especiais.gazetadopovo.com.br/eleicoes/2018/resultados/municipios-bahia/tremedal-ba/;16084;8050;8030
Tucano;https://especiais.gazetadopovo.com.br/eleicoes/2018/resultados/municipios-bahia/tucano-ba/;36135;18910;17225
Uauá;https://especiais.gazetadopovo.com.br/eleicoes/2018/resultados/municipios-bahia/uaua-ba/;21072;10750;10311
Ubaíra;https://especiais.gazetadopovo.com.br/eleicoes/2018/resultados/municipios-bahia/ubaira-ba/;16308;8311;7993
Ubaitaba;https://especiais.gazetadopovo.com.br/eleicoes/2018/resultados/municipios-bahia/ubaitaba-ba/;13887;7442;6445
Ubatã;https://especiais.gazetadopovo.com.br/eleicoes/2018/resultados/municipios-bahia/ubata-ba/;11242;6101;5141
Uibaí;https://especiais.gazetadopovo.com.br/eleicoes/2018/resultados/municipios-bahia/uibai-ba/;11564;5807;5750
Umburanas;https://especiais.gazetadopovo.com.br/eleicoes/2018/resultados/municipios-bahia/umburanas-ba/;9744;4828;4916
Una;https://especiais.gazetadopovo.com.br/eleicoes/2018/resultados/municipios-bahia/una-ba/;15168;7579;7589
Urandi;https://especiais.gazetadopovo.com.br/eleicoes/2018/resultados/municipios-bahia/urandi-ba/;12710;6451;6258
Uruçuca;https://especiais.gazetadopovo.com.br/eleicoes/2018/resultados/municipios-bahia/urucuca-ba/;17270;8657;8611
Utinga;https://especiais.gazetadopovo.com.br/eleicoes/2018/resultados/municipios-bahia/utinga-ba/;13075;6725;6345
Valença;https://especiais.gazetadopovo.com.br/eleicoes/2018/resultados/municipios-bahia/valenca-ba/;60690;32794;27895
Valente;https://especiais.gazetadopovo.com.br/eleicoes/2018/resultados/municipios-bahia/valente-ba/;19284;10063;9221
Várzea da Roça;https://especiais.gazetadopovo.com.br/eleicoes/2018/resultados/municipios-bahia/varzea-da-roca-ba/;10827;5470;5355
Várzea do Poço;https://especiais.gazetadopovo.com.br/eleicoes/2018/resultados/municipios-bahia/varzea-do-poco-ba/;6551;3390;3160
Várzea Nova;https://especiais.gazetadopovo.com.br/eleicoes/2018/resultados/municipios-bahia/varzea-nova-ba/;9244;4672;4549
Varzedo;https://especiais.gazetadopovo.com.br/eleicoes/2018/resultados/municipios-bahia/varzedo-ba/;7902;4057;3845
Vera Cruz;https://especiais.gazetadopovo.com.br/eleicoes/2018/resultados/municipios-bahia/vera-cruz-ba/;29267;15779;13488
Vereda;https://especiais.gazetadopovo.com.br/eleicoes/2018/resultados/municipios-bahia/vereda-ba/;6230;2919;3310
Vitória da Conquista;https://especiais.gazetadopovo.com.br/eleicoes/2018/resultados/municipios-bahia/vitoria-da-conquista-ba/;221849;120805;101044
Wagner;https://especiais.gazetadopovo.com.br/eleicoes/2018/resultados/municipios-bahia/wagner-ba/;7206;3635;3571
Wanderley;https://especiais.gazetadopovo.com.br/eleicoes/2018/resultados/municipios-bahia/wanderley-ba/;10198;4927;5268
Wenceslau Guimarães;https://especiais.gazetadopovo.com.br/eleicoes/2018/resultados/municipios-bahia/wenceslau-guimaraes-ba/;15576;7737;7837
Xique-Xique;https://especiais.gazetadopovo.com.br/eleicoes/2018/resultados/municipios-bahia/xique-xique-ba/;34740;17757;16972
